{"stats":{"minecraft:mined":{"minecraft:oak_log":4,"minecraft:oak_leaves":6,"minecraft:grass":1},"minecraft:picked_up":{"minecraft:oak_log":4},"minecraft:used":{"minecraft:oak_log":2},"minecraft:custom":{"minecraft:jump":77,"minecraft:time_since_rest":1402,"minecraft:damage_dealt":88,"minecraft:damage_taken":325,"minecraft:leave_game":3,"minecraft:time_since_death":1367,"minecraft:play_time":4082,"minecraft:sprint_one_cm":4020,"minecraft:walk_one_cm":7173,"minecraft:deaths":1,"minecraft:total_world_time":4082,"minecraft:fall_one_cm":2154,"minecraft:fly_one_cm":2517},"minecraft:killed_by":{"minecraft:zombie":1}},"DataVersion":3465}