{"stats":{"minecraft:picked_up":{"minecraft:mutton":1,"minecraft:dirt":15,"minecraft:white_wool":1},"minecraft:mined":{"gravestone:gravestone":1,"minecraft:grass":8,"minecraft:grass_block":13,"minecraft:dirt":2},"minecraft:custom":{"minecraft:time_since_rest":582,"minecraft:sprint_one_cm":19884,"minecraft:play_time":7049,"minecraft:deaths":2,"minecraft:damage_taken":500,"minecraft:walk_one_cm":16326,"minecraft:walk_under_water_one_cm":604,"minecraft:mob_kills":1,"minecraft:jump":204,"minecraft:damage_dealt":80,"minecraft:leave_game":5,"minecraft:walk_on_water_one_cm":398,"minecraft:time_since_death":549,"minecraft:total_world_time":7049,"minecraft:fall_one_cm":11863,"minecraft:fly_one_cm":28391},"minecraft:killed":{"minecraft:sheep":1},"minecraft:used":{"minecraft:white_wool":1,"minecraft:dirt":15,"minecraft:mutton":1}},"DataVersion":3465}